{
    "mAP@0.5:0.95": 0.36881859972472386,
    "mAP@0.5": 0.41963299443616564,
    "count_accuracy": 0.39790575916230364
}